Drug Manufacturers - General,Healthcare Plans,Medical Devices,Diagnostics & Research,Biotechnology,Medical Instruments & Supplies,Medical Care - Facilities,Drug Manufacturers - Specialty & Generic,Health Information Services,Medical Distribution,Pharmaceutical Retailers
LLY,UNH,ABT,TMO,VRTX,ISRG,HCA,ZTS,GEHC,MCK,WBA
JNJ,ELV,SYK,DHR,REGN,BDX,THC,VTRS,VEEV,COR,SCNX
ABBV,CI,BSX,A,ALNY,RMD,UHS,NBIX,SOLV,CAH,
MRK,CVS,MDT,IQV,MRNA,WST,DVA,CTLT,DOCS,HSIC,
AMGN,CNC,EW,IDXX,RPRX,COO,EHC,ITCI,TEM,PDCO,
PFE,HUM,DXCM,MTD,UTHR,HOLX,CHE,LNTH,HQY,OMI,
BMY,MOH,STE,ICLR,SMMT,BAX,ENSG,ELAN,RCM,ZYXI,
GILD,OSCR,ZBH,ILMN,PCVX,ALGN,PACS,ALKS,WAY,,
BIIB,ALHC,PODD,WAT,BMRN,AVTR,ACHC,ALVO,EVH,,
OGN,NEUE,BRKR,LH,INCY,TFX,OPCH,PBH,GDRX,,
,,GMED,DGX,INSM,ATR,SEM,PRGO,BTSG,,
,,BIO,NTRA,TECH,RGEN,SGRY,AMRX,TXG,,
,,PEN,RVTY,SRPT,MMSI,AMED,AMPH,PRVA,,
,,MASI,EXAS,ROIV,STVN,ASTH,HROW,OMCL,,
,,GKOS,MEDP,RVMD,XRAY,LFST,SUPN,PINC,,
,,INSP,CRL,EXEL,ICUI,ARDT,KNSA,CERT,,
,,TMDX,QGEN,NUVL,HAE,CON,NDOI,TDOC,,
,,ITGR,RDNT,VKTX,NVST,ADUS,DVAX,PGNY,,
,,PRCT,SHC,HALO,AZTA,NHC,COLL,WGS,,
,,AXNX,NEOG,JAZZ,LMAT,AMN,AVDL,SDGR,,
,,QDEL,GH,CYTK,WRBY,USPH,ANIP,PHR,,
,,LIVN,VCYT,IONS,STAA,BKD,EOLS,MDRX,,
,,TNDM,TWST,BPMC,ATRC,PNTG,PETQ,WEAV,,
,,NARI,MYGN,BHVN,BLFS,GRDN,PAHC,HSTM,,
,,UFPT,NEO,RNA,PLSE,MD,BIOA,SLP,,
,,CNMD,CDNA,KRYS,EMBC,CYH,PCRX,NRC,,
,,RXST,CSTL,RARE,SMTI,INNV,SIGA,HCAT,,
,,IRTC,FLGT,ADMA,ANGO,HCSG,EBS,SPOK,,
,,NVCR,GRAL,BBIO,UTMD,AUNA,MITPF,TBRG,,
,,AHCO,PSNL,CORT,INFU,SNDA,ANIK,MPLN,,
,,IART,FONR,MDGL,PDEX,CCRN,ETON,AMWL,,
,,ESTA,PRPO,IMVT,DXR,EHAB,LFCR,OPRX,,
,,INMD,,CRNX,OMIC,BTMD,DERM,NUTX,,
,,AORT,,ACLX,LUCY,MODV,BGM,,,
,,AVNS,,AXSM,,JYNT,EVOK,,,
,,CATX,,CRSP,,CCEL,,,,
,,ATEC,,DNLI,,ATIP,,,,
,,BVS,,MRUS,,FPCG,,,,
,,CTKB,,APLS,,,,,,
,,IRMD,,VSBC,,,,,,
,,AXGN,,TGTX,,,,,,
,,KIDS,,MLTX,,,,,,
,,OFIX,,DYN,,,,,,
,,SIBN,,APGE,,,,,,
,,SRDX,,XENE,,,,,,
,,FNA,,IOVA,,,,,,
,,VREX,,FOLD,,,,,,
,,QTRX,,RYTM,,,,,,
,,ZIMV,,SRRK,,,,,,
,,NNOX,,KYMR,,,,,,
,,TCMD,,PTCT,,,,,,
,,VMD,,EWTX,,,,,,
,,TMCI,,PTGX,,,,,,
,,CLPT,,IDYA,,,,,,
,,SGHT,,ACAD,,,,,,
,,LUNG,,SWTX,,,,,,
,,RCEL,,CGON,,,,,,
,,DCTH,,CPRX,,,,,,
,,SERA,,NMRA,,,,,,
,,INGN,,AGIO,,,,,,
,,NPCE,,JANX,,,,,,
,,CVRX,,KROS,,,,,,
,,ELMD,,ARWR,,,,,,
,,SMLR,,VERA,,,,,,
,,PTHL,,NVAX,,,,,,
,,SRTS,,CLDX,,,,,,
,,WOK,,VCEL,,,,,,
,,MDNC,,MRVI,,,,,,
,,ECOR,,HRMY,,,,,,
,,RBOT,,BEAM,,,,,,
,,NSYS,,LGND,,,,,,
,,RSLS,,AKRO,,,,,,
,,,,SLNO,,,,,,
,,,,MIRM,,,,,,
,,,,NTLA,,,,,,
,,,,VRDN,,,,,,
,,,,RXRX,,,,,,
,,,,MNKD,,,,,,
,,,,ARVN,,,,,,
,,,,FTRE,,,,,,
,,,,NAMS,,,,,,
,,,,RCUS,,,,,,
,,,,SNDX,,,,,,
,,,,BCRX,,,,,,
,,,,RCKT,,,,,,
,,,,OCUL,,,,,,
,,,,ARDX,,,,,,
,,,,IRON,,,,,,
,,,,SYRE,,,,,,
,,,,NRIX,,,,,,
,,,,KURA,,,,,,
,,,,XNCR,,,,,,
,,,,DAWN,,,,,,
,,,,BCAX,,,,,,
,,,,SPRY,,,,,,
,,,,LBPH,,,,,,
,,,,ELVN,,,,,,
,,,,TARS,,,,,,
,,,,INVA,,,,,,
,,,,WVE,,,,,,
