Aerospace & Defense,Specialty Industrial Machinery,Railroads,Building Products & Equipment,Waste Management,Conglomerates,Farm & Heavy Construction Machinery,Specailty Business Services,Engineering & Construction,Rental & Leasing Services,Electrical Equipment & Parts,Consulting Services,Trucking,Integrated Freight & Logistics,Industrial Distribution,Airlines,Tools & Accessories,Metal Fabrication,Marine Shipping,Pollution & Treatment Controls,Security & Protection Services,Infrastructure Operations,Staffing & Employment Services,Airport & Air Services,Business Equipment & Supplies
GE,ETN,UNP,TT,WM,HON,CAT,CTAS,PWR,URI,VRT,VRSK,ODFL,UPS,GWW,DAL,SWK,MLI,KEX,VLTO,ALLE,VRRM,RHI,JOBY,HNI
RTX,PH,CSX,CARR,RSG,MMM,DE,CPRT,EME,AER,HUBB,EFX,XPO,FDX,FAST,UAL,SNA,ATI,MATX,ZWS,MSA,,TNET,CAAP,SCS
LMT,ITW,NSC,JCI,WCN,VMI,PCAR,GPN,J,FTAI,NVT,BAH,SAIA,EXPD,FERG,LUV,LECO,CRS,SBLK,FSS,ADT,,KFY,SKAS,EBF
BA,EMR,WAB,BLDR,GFL,MDU,CNH,ULS,FIX,UHAL,AYI,FCN,KNX,JBHT,WSO,AAL,TTC,ESAB,ZIM,ATMU,BCO,,MAN,,ACCO
GD,CMI,TRN,CSL,CLH,GFF,AGCO,ARMK,ACM,WSC,ENS,ICFI,SNDR,CHRW,POOL,ALK,RBC,WOR,NMM,PCT,BRC,,NSP,,
NOC,OTIS,GBX,LII,CWST,SEB,OSK,DLB,TTEK,R,AEIS,HURN,RXO,LSTR,CNM,CPA,TKR,CMPO,CMRE,ERII,GEO,,KFRC,,
TDG,IR,RAIL,MAS,SRCL,CODI,TEX,MMS,BLD,AL,HAYW,CRAI,ARCB,GXO,AIT,SKYW,KMT,HAYN,SFL,CECO,NSSC,,BBSI,,
LHX,AME,FSTR,OC,NVRI,FIP,ALG,UNF,MTZ,GATX,ATKR,SBC,WERN,HUBG,WCC,JBLU,HLMN,PRLB,DAC,ARQ,CXW,,ZIP,,
HWM,XYL,AWRY,WMS,MEG,SPLP,REVG,ABM,KBR,HRI,POWL,FORR,MRTN,PBI,SITE,ULCC,EML,RYI,CCEC,,NL,,HSII,,
AXON,ROK,DMRR,FBIN,AMBI,MATW,BLBD,CBZ,APG,CAR,BE,RGP,ULH,FWRD,BECN,ALGT,QEPC,IIIN,GNK,,CIX,,KELYA,,
HEI-A,DOV,,AAON,SCPJ,BOC,LNN,FA,FLR,MGRC,ENR,,HTLD,CYRX,MSM,ATSG,CVR,NWPX,ASC,,MG,,TBI,,
TXT,PNR,,LPX,PESI,TRC,HY,AZZ,EXPO,PRG,ENVX,,CVLG,PAL,REZI,SNCY,,MEC,SB,,KSCP,,HQI,,
CW,IEX,,SPXC,QRHC,BOOM,CMCO,CMPR,DY,VSTS,ADSE,,PTSI,RLGT,DSGR,,,TG,SEMUF,,VCON,,GLXG,,
BWXT,GGG,,TREX,,RCMT,WNC,BV,ACA,HEES,PLPC,,,STCN,DNOW,,,GIFI,PANL,,,,MHH,,
HII,NDSN,,AZEK,,FBYD,ASTE,LZ,STRL,WLFC,KE,,,,GIC,,,CHTM,ESEA,,,,BGSF,,
WWD,SYM,,AWI,,HHS,TWI,TH,IESC,GSL,SDST,,,,TRNS,,,,SMHI,,,,HSON,,
DRS,AOS,,GMS,,AIRT,SHYF,VVI,ROAD,AAN,ULBI,,,,BXC,,,,GASS,,,,,,
LOAR,ITT,,ROCK,,LIDM,MTW,CASS,GVA,ALTG,GWH,,,,DXPE,,,,SHIP,,,,,,
MOG-A,RRX,,ASPN,,,GENC,QUAD,PRIM,,ESP,,,,TITN,,,,KNOP,,,,,,
AVAV,GNRC,,APOG,,,MNTX,SPIR,AMRC,,IPWR,,,,EVI,,,,EDRY,,,,,,
HXL,CR,,JBI,,,CEAD,DLHC,MYRG,,,,,,,,,,,,,,,,
RKLB,DCI,,JELD,,,,TISI,AGX,,,,,,,,,,,,,,,,
SPR,FLS,,NX,,,,NISN,NVEE,,,,,,,,,,,,,,,,
KTOS,MIDD,,ARLO,,,,CWPS,TPC,,,,,,,,,,,,,,,,
AIR,EDHD,,TILE,,,,AMTM,ADMNF,,,,,,,,,,,,,,,,
MRCY,WTS,,LMB,,,,,GLDD,,,,,,,,,,,,,,,,
VVX,CSWI,,SWIM,,,,,WLDN,,,,,,,,,,,,,,,,
CDRE,GTLS,,AIRJ,,,,,BWMN,,,,,,,,,,,,,,,,
VSEC,FELE,,PPIH,,,,,RITR,,,,,,,,,,,,,,,,
TGI,GTES,,APT,,,,,MTRX,,,,,,,,,,,,,,,,
DCO,KAI,,LGNC,,,,,BBCP,,,,,,,,,,,,,,,,
SKYH,MWA,,,,,,,PGHL,,,,,,,,,,,,,,,,
RGR,NPO,,,,,,,ORN,,,,,,,,,,,,,,,,
ATRO,JBT,,,,,,,DBMG,,,,,,,,,,,,,,,,
SWBI,CXT,,,,,,,ESOA,,,,,,,,,,,,,,,,
RDW,MIR,,,,,,,JUNE,,,,,,,,,,,,,,,,
NPK,B,,,,,,,,,,,,,,,,,,,,,,,
LUNR,EPAC,,,,,,,,,,,,,,,,,,,,,,,
BYRN,ENOV,,,,,,,,,,,,,,,,,,,,,,,
PKE,SXI,,,,,,,,,,,,,,,,,,,,,,,
SPCE,HI,,,,,,,,,,,,,,,,,,,,,,,
GAUZ,TNC,,,,,,,,,,,,,,,,,,,,,,,
EVTL,HLIO,,,,,,,,,,,,,,,,,,,,,,,
ISSC,ATCD,,,,,,,,,,,,,,,,,,,,,,,
CODA,SMR,,,,,,,,,,,,,,,,,,,,,,,
OPXS,KRNT,,,,,,,,,,,,,,,,,,,,,,,
SVT,GRC,,,,,,,,,,,,,,,,,,,,,,,
OPST,THR,,,,,,,,,,,,,,,,,,,,,,,
AIRI,AMSC,,,,,,,,,,,,,,,,,,,,,,,
ASTC,XMTR,,,,,,,,,,,,,,,,,,,,,,,
SARO,NNE,,,,,,,,,,,,,,,,,,,,,,,
ATCN,NPWR,,,,,,,,,,,,,,,,,,,,,,,
,OFLX,,,,,,,,,,,,,,,,,,,,,,,
,SERV,,,,,,,,,,,,,,,,,,,,,,,
,PKOH,,,,,,,,,,,,,,,,,,,,,,,
,LXFR,,,,,,,,,,,,,,,,,,,,,,,
,GHM,,,,,,,,,,,,,,,,,,,,,,,
,TWIN,,,,,,,,,,,,,,,,,,,,,,,
,HURC,,,,,,,,,,,,,,,,,,,,,,,
,TAYD,,,,,,,,,,,,,,,,,,,,,,,
,TOOD,,,,,,,,,,,,,,,,,,,,,,,
,RWCI,,,,,,,,,,,,,,,,,,,,,,,
,ZJK,,,,,,,,,,,,,,,,,,,,,,,
,NFPC,,,,,,,,,,,,,,,,,,,,,,,
